{
    "car": {
        "direction": -65,
        "realPos": [
            57.436885833740234,
            -43.6759033203125
        ],
        "screenPos": [
            799.1844291687012,
            165.6204833984375
        ]
    },
    "images": [
    ],
    "nodes": [
        {
            "ID": 1,
            "displayText": "ID=1 realPos=0,0\nrotation=0",
            "realPos": [
                0,
                0
            ],
            "screenPos": [
                512,
                384
            ]
        },
        {
            "ID": 2,
            "displayText": "ID=2 realPos=43,-12\nrotation=-34",
            "realPos": [
                43.06786346435547,
                -12.86143684387207
            ],
            "screenPos": [
                727.3393173217773,
                319.69281578063965
            ]
        },
        {
            "ID": 3,
            "displayText": "ID=3 realPos=57,-43\nrotation=-65",
            "realPos": [
                57.436885833740234,
                -43.6759033203125
            ],
            "screenPos": [
                799.1844291687012,
                165.6204833984375
            ]
        }
    ],
    "paths": [
        {
            "endID": 2,
            "startID": 1,
            "steps": [
                {
                    "lastRealPos": [
                        0,
                        0
                    ],
                    "length": 0,
                    "nextRealPos": [
                        24,
                        0
                    ],
                    "rotationVec": [
                        1,
                        0
                    ],
                    "screenPos": [
                        530,
                        399
                    ],
                    "updatedLength": 24
                },
                {
                    "lastRealPos": [
                        24,
                        0
                    ],
                    "length": 0,
                    "nextRealPos": [
                        43.06786346435547,
                        -12.86143684387207
                    ],
                    "rotationVec": [
                        0.8290375471115112,
                        -0.5591928958892822
                    ],
                    "screenPos": [
                        650,
                        399
                    ],
                    "updatedLength": 23
                }
            ]
        },
        {
            "endID": 3,
            "startID": 2,
            "steps": [
                {
                    "lastRealPos": [
                        43.06786346435547,
                        -12.86143684387207
                    ],
                    "length": 0,
                    "nextRealPos": [
                        57.436885833740234,
                        -43.6759033203125
                    ],
                    "rotationVec": [
                        0.4226182699203491,
                        -0.9063078165054321
                    ],
                    "screenPos": [
                        745.3393173217773,
                        334.69281578063965
                    ],
                    "updatedLength": 34
                }
            ]
        }
    ]
}
